地址,名称,维度,经度,类型
芦席营19号,南昌路小学,32.075581,118.780419,学校
中央路258号(江南大厦十楼1011室),南京市公共事业技工学校,32.076606,118.784489,学校
童家巷24号,中国药科大学玄武门校区,32.07332,118.779869,学校
芦席营28号,南京市公交公司职工学校,32.075706,118.781204,学校
新模范马路5号国家大学科技园B座610楼,亚洲城市大学南京教学中心,32.076991,118.778747,学校
湖南路街道云南北路青云巷9号,青云巷小学,32.06617,118.78102,学校
后大树根40号,南京市科利华中学,32.078536,118.785454,学校
百子亭34号,凤凰新华管理学院,32.067148,118.785508,学校
丁家桥87号东南大学丁家桥校区,东南大学丁家桥校区医学院外科实验中心,32.074784,118.776974,学校
新模范马路5号南京工业大学科技楼B座1112室,中国地质大学(江苏省学习中心),32.076676,118.777755,学校
中央路264号海之声助听器二楼,海之声听力学院,32.080198,118.784374,学校
新模范马路22号审美发型设计,南京工业大学,32.073389,118.777863,学校
湖南路丁家桥87号,东南大学丁家桥校区,32.074858,118.776028,学校
昆仑路43号,南京玄武外国语学校附属小学,32.065104,118.788207,学校
童家巷38-40号附近,中国医科大学计划采控中心,32.071722,118.778235,学校
中央路52号,中央路小学,32.065323,118.784512,学校
云南北路74号,南京市拉萨路小学六年级教学区,32.068121,118.779959,学校
丁家桥32-18临附近,安全工程小2楼,32.075447,118.777082,学校
新模范马路5号南京工业大学科技创新大楼B座1614室,热舒夫信息技术与管理大学(南京教学中心),32.076494,118.777912,学校
云南北路与湖北路交叉口东南50米,四川农业大学南京学习中心,32.065440,118.779052,学校
司背后街10号,南京市第五十中学,32.075151,118.772317,学校
新模范马路5号,南京工业大学丁家桥校区,32.07871,118.775555,学校
厚德路与学子路交叉口北50米,东南大学老干部处丁家桥校区办公室,32.075706,118.776466,学校
马台街龙仓巷5号,南京市马台街小学,32.07403,118.772025,学校
西家大塘14号,南京市第十三中学(西家大塘),32.063749,118.791647,学校
新模范马路5号南京工业大学丁家桥校区国家创新大楼B座609室,文府考研工业大学驻点办事处,32.076585,118.777573,学校
台城路39号附近,T台之星童星艺术学院,32.065373,118.789603,学校
工人新村50号,鼓楼开放大学,32.079714,118.778966,学校
北京东路30号(南京人才大厦对面),南京外国语学校(北京东路),32.056271,118.801346,学校
马台街137-3临时尚空间7楼,花艺学院,32.072721,118.772161,学校
汉口路22号,南京大学鼓楼校区,32.055015,118.77943,学校
渊声巷18号,渊声巷小学,32.061965,118.779046,学校
广东路38号附近,南京邮电学院资金结算中心,32.080481,118.768273,学校
四牌楼2号东南大学四牌楼校区两江路东南大学工程结构与材料实验中心接样室附近,东南大学四牌楼校区雅思考试五五楼考场,32.057470,118.795035,学校
中山北路中环国际广场16层,上海立信会计金融学院,32.066591,118.772960,学校
山西路1号苏宁银河国际广场19楼A座,在职学历提升,32.067306,118.772644,学校
中央门街道黑龙江路9号,紫竹苑小学,32.08666,118.774072,学校
三牌楼新模范马路94号,南京市三牌楼小学,32.076259,118.76704,学校
石头城路9号,江苏夕阳红老年大学草场门教学区,32.055307,118.751502,学校
北京东路1号(工艺美术大楼正后方),南京正人少儿艺术学院(凯瑟琳广场店),32.058891,118.789406,学校
西康路1号,河海大学,32.05567,118.75965,学校
汉口西路120号,南京市力学小学,32.05524,118.769764,学校
和燕路94号,南京市第六十六中学,32.093995,118.794523,学校
上海路42号,鼓楼区第一中心小学,32.048871,118.778747,学校
回龙桥11号,南京市回龙桥小学,32.075207,118.757951,学校
太平北路120号,南京市成贤街小学,32.051521,118.797537,学校
新模范马路66号210号,南京邮电大学,32.081589,118.772475,学校
嫩江路36号,南京商业学校(北校区),32.045289,118.748955,学校
北圩路129号,南京市鼓楼实验中学(二十九中分校),32.048511,118.75198,学校
北门桥1-16号,南京市洪武北路红十字会小学,32.047536,118.788307,学校
傅佐路29号-1,琅琊路小学(傅佐路校区),32.066039,118.772035,学校
龙蟠路159号,南京林业大学图书馆,32.078742,118.814107,学校
玉桥商业广场B座2楼,南京正人少儿艺术学院(鼓楼分院),32.091669,118.781024,学校
太平北路35-4号,南京外国语学校,32.044338,118.794538,学校
铁路北街128号,南京财经大学,32.085549,118.761862,学校
萨家湾花苑46号,南京市第八中学,32.084615,118.758343,学校
和燕路12号,南京市小市中心小学(东校区),32.094801,118.789349,学校
富贵巷18号,海英小学,32.049389,118.822641,学校
许府巷54号附近,南京市第二中学,32.083469,118.777810,学校
芳草园33号,南京市芳草园小学,32.057907,118.747947,学校
长江新村8号(近南京工业大学),南京田家炳高级中学,32.084486,118.777051,学校
大悲巷13号,南京市逸仙小学,32.045412,118.802305,学校
上海路203号,江苏联合职业技术学院,32.058268,118.772907,学校
宁海路122号南京师范大学随园校区,南京师范大学随园校区图书馆对外汉语教学与留学生教育资料中心,32.054302,118.770189,学校
幕府西路105号,象山小学,32.099187,118.762444,学校
玄武区聚贤路,南京市第十三中学(红山校区),32.104072,118.837984,学校
港龙园1号,宁海中学分校,32.059329,118.747838,学校
山西路68颐和商厦B11层,南京南洋技工学校,32.067903,118.771447,学校
长江新村6号,南京大学附属丁家桥小学,32.081545,118.775651,学校
北京东路47号,北京东路小学,32.059041,118.799119,学校
珠江路5号华利国际大厦39层,上海立信会计金融学院南京办公室,32.050971,118.786490,学校
宁海路街道人和街3号,赤壁路小学(山西路校区),32.068572,118.771489,学校
虎踞路7号办公楼6层,江苏浪涛美发美容学校,32.043954,118.764041,学校
内环北线30号附近,南京工业大学,32.078524,118.775443,学校
宁海路122号,南京师范大学随园校区自学考试办公室,32.054579,118.768771,学校
山西路8号金山大厦B楼10层B座,环球职业教育,32.068333,118.772118,学校
锁金村街道锁金村10号,南京邮电大学(锁金村校区),32.070463,118.814272,学校
瑞金路6-1号,南京市第一中学初中部,32.031402,118.80751,学校
汉中路282号,南京中医药大学(汉中门校区),32.043785,118.767241,学校
长江路260号,南京市长江路小学,32.044856,118.792215,学校
北京东路47号,北京东路小学,32.059041,118.799119,学校
珠江路5号华利国际大厦39层,上海立信会计金融学院南京办公室,32.050971,118.786490,学校
宁海路街道人和街3号,赤壁路小学(山西路校区),32.068572,118.771489,学校
虎踞路7号办公楼6层,江苏浪涛美发美容学校,32.043954,118.764041,学校
内环北线30号附近,南京工业大学,32.078524,118.775443,学校
宁海路122号,南京师范大学随园校区自学考试办公室,32.054579,118.768771,学校
山西路8号金山大厦B楼10层B座,环球职业教育,32.068333,118.772118,学校
锁金村街道锁金村10号,南京邮电大学(锁金村校区),32.070463,118.814272,学校
瑞金路6-1号,南京市第一中学初中部,32.031402,118.80751,学校
汉中路282号,南京中医药大学(汉中门校区),32.043785,118.767241,学校
长江路260号,南京市长江路小学,32.044856,118.792215,学校
板仓街78号,南京师范大学紫金校区,32.072113,118.820824,学校
华侨路街道虎踞路175号,江苏第二师范学院附属小学,32.055262,118.755283,学校
建宁路140号,长平路小学,32.09456,118.758276,学校
北京西路77号,江苏第二师范学院(草场门校区),32.057884,118.754425,学校
龙蟠路151-2号,南京市科利华小学,32.081921,118.806166,学校
新街口游府西街46号,南京广播电视大学,32.039409,118.78863,学校
二板桥555-4号,南京特殊教育师范学校第二附属小学,32.079593,118.73984,学校
芦席营86号,天正小学(琅小分校),32.085312,118.780649,学校
虎踞北路15号南京艺术学院体育馆,南京艺术学院体育器材室,32.062067,118.752022,学校
中山北路101号中央广播电视大学,国家开放大学汇文教学点,32.065831,118.775078,学校
工农新村104号,南京市民生实验小学,32.094986,118.766643,学校
东妙峰庵1号,南京财经大学附属小学,32.085808,118.758246,学校
汉口路9号,南京大学鼓楼校区鼓楼校区南园,32.052092,118.780912,学校
苜蓿园大街128号邮局6楼,南京正人少儿艺术学院(秦淮校区),32.028571,118.831372,学校
金陵小区新四村30号,滨江小学(燕康园北),32.110938,118.76678,学校
中山路99号12楼,iBelong妈妈学院新街口校区,32.046867,118.783587,学校
双塘路59号,双塘小学,32.022792,118.773566,学校
拉萨路近广州路7号,拉萨路小学(新华校区),32.047484,118.778828,学校
中山北路105中环国际广场商务楼12层,江苏工会职业技术学校,32.066634,118.772852,学校
湖南路街道汉口路22号,南京大学鼓楼校区体育部,32.055728,118.778271,学校
汉口路22号南京大学逸夫馆,南京大学鼓楼校区-逸夫管理科学楼,32.057817,118.777616,学校
中山北路200号,南京大学鼓楼校区教务处网络教学管理室,32.057174,118.780067,学校
安品街58号,南京市第五初级中学冶城校区,32.029309,118.775906,学校
山西路68号颐和商厦,鼓楼创业学院,32.067780,118.771580,学校
上海路209号,大公驾校报名处,32.057630,118.774080,学校
古平岗35-1号,江苏城市职业学院定淮门东校区,32.069123,118.754682,学校
赤壁路10号,赤壁路小学,32.065883,118.7664,学校
尖角营,南京市第九初级中学尖角营校区,32.0554,118.786348,学校
宁海路39号,宁海中学,32.060834,118.771112,学校
北圩路41号,南京晓庄学院莫愁校区,32.037259,118.751532,学校
御道街35号,南京航空航天大学附属高级中学蓝旗街校区,32.027436,118.817936,学校
后标营42号,后标营小学,32.02994,118.824297,学校
许府巷,南京田家炳高级中学进学楼(四合院),32.084072,118.776741,学校
文昌巷74号,南京市五老村小学,32.036166,118.796181,学校
中山南路301号,南京市第一中学,32.02759,118.784277,学校
灵隐路12,琅琊路小学,32.061315,118.766512,学校
洪庙巷5号(港宁园小区西南),南京育英外国语学校,32.083295,118.765009,学校
大光路51号,光华门小学,32.022938,118.808799,学校
二板桥349号,南京市复兴小学,32.083728,118.740974,学校
姜家园111号,姜家园小学,32.083647,118.745113,学校
天津路1号,南京大学鼓楼校区计算中心,32.057649,118.781290,学校
西康路1号河海大学,国际教育学院,32.055935,118.763304,学校
光华路街道光华东街12号,南京市光华东街小学,32.024339,118.81973,学校
汉口路59号,汉口路小学,32.052217,118.779279,学校
广州路5号君临国际2幢906室,美国芝加哥康考迪亚大学南京办事处,32.049785,118.782143,学校
慧园街24号(近王府园小区),南京市慧园街小学,32.025484,118.787499,学校
珠江路217号,南京师范大学附属小学(珠江路校区),32.050065,118.790284,学校
集庆门大街文体路99号,南京市建邺实验小学分校,32.019646,118.758659,学校
中山路169号,金陵中学,32.048281,118.782,学校
小西湖小区对面,南京市小西湖小学(老门东校区),32.015619,118.78678,学校
新街口金銮巷2号,南京市第三高级中学(金銮校区),32.035718,118.785615,学校
中央北路与和燕路交叉口西南100米,南京市小市中心小学西校区,32.09606,118.78423,学校
同仁西街16号,同仁小学,32.051702,118.786249,学校
紫竹林路与许府巷交叉口东北50米,南京田家炳高级中学厚载楼(艺术楼),32.083702,118.776535,学校
新模范马路66号(近中山北路),南京邮电大学三牌楼校区,32.080728,118.77037,学校
中山北路200号,南京工业大学虹桥校区,32.074621,118.768319,学校
水西门大街122号,南京市莫愁湖小学,32.032168,118.764307,学校
汉中路8号金轮新天地7层,南京伽合瑜伽普拉提培训学院(新街口店),32.042559,118.780202,学校
玉泉路与钱塘路交叉口西50米,江苏教育学院附属高级中学(玉泉路),32.058480,118.766415,学校
青岛路32号,南京大学附属中学,32.052395,118.777683,学校
中山东路三条巷8号,南京市五老村小学(崇实校区),32.034757,118.800677,学校
富丽山庄40幢,南京郑和外国语学校,32.028535,118.833469,学校
湖西街28号,南京市南湖第二中学,32.029193,118.74746,学校
中央门外晓庄村40号,南京卫生高等职业技术学校,32.119626,118.812659,学校
苜军路6号6栋联勤部干休所,南京市中山小学,32.036344,118.833972,学校
边营86号,南京市马道街小学,32.009905,118.790245,学校
两江路与六朝松路交叉口北50米,东南大学MFA教学场地,32.057320,118.795331,学校
汉口路22号南京大学鼓楼校区,南京大学鼓楼校区人工微结构与量子调控协同创新中心访问学者办公室,32.054623,118.778414,学校
汉口路22号南京大学,南京大学鼓楼校区大学外语部,32.056232,118.777714,学校
湖南路街道汉口路22号,中共南京大学委员会统一战线工作部,32.055422,118.780658,学校
汉口路22号南京大学,南京大学鼓楼校区外国语学院语言教学中心,32.056232,118.777714,学校
汉口路22号南京大学,南京大学鼓楼校区逸夫馆,32.056431,118.777564,学校
汉口路22号,南京大学鼓楼校区国际合作与交流处,32.054853,118.780061,学校
中山北路200号,南京大学鼓楼校区审计处,32.057192,118.780026,学校
汉口西路22号,南京大学鼓楼校区老干部处,32.055814,118.779338,学校
中山北路200号,南京大学鼓楼校区社会科学处,32.057174,118.780067,学校
汉口路22号南京大学,南京大学鼓楼校区·国际教育国际高等教育文凭(HND)中心,32.056232,118.777714,学校
进香河路35号,东南大学四牌楼校区河海院,32.056576,118.791480,学校
新模范马路66号南京邮电大学三牌楼校区,南京邮电大学综合科研大楼,32.083067,118.771160,学校
上海路203-207号,江苏国际预科学院(上海路),32.057482,118.773104,学校
汉口路22号,南京大学鼓楼校区研究生院,32.054975,118.779748,学校
北京东路43号33楼3层,南京中华文化学院,32.058419,118.797808,学校
鸡鸣寺路1号,亚太管理学院南京分部,32.058536,118.794265,学校
中央门和燕路1号1,南京市建宁小学,32.096463,118.786539,学校
梅园新村街道大悲巷12号,南京市人民中学初中部,32.048824,118.784951,学校
察哈尔路37号,南京师范大学附属中学,32.077712,118.756902,学校
中山路178号,南京市人民中学,32.048913,118.785368,学校
珠江路280号珠江大厦,东南大学四牌楼校区健雄院,32.055534,118.795292,学校
四牌楼2号,东南大学四牌楼校区逸夫建筑馆,32.054991,118.795537,学校
东井亭100-3号,南京求真中学,32.098644,118.799201,学校
虎踞路175-1号,江苏省国画院,32.055975,118.755113,学校
中心村130号,金陵科技学院幕府校区,32.122998,118.812144,学校
建宁路333号,天妃宫小学,32.091235,118.739581,学校
黑龙江路2-22号附近,中小学课外提优,32.087369,118.780323,学校
朗晴名居往东,南京市龙江小学力学分校,32.064819,118.74576,学校
四牌楼2号(近成贤街),东南大学四牌楼校区,32.054169,118.795212,学校
宁海路122号,南京师范大学随园校区,32.053198,118.767659,学校
清水亭东路1号,江宁开发区学校,31.9185,118.827827,学校
洪武北路133号,南京广播电视大学继续教育学院夜校部,32.047112,118.788857,学校
洪武路九条巷8号,南京市钟英中学,32.031891,118.785211,学校
田家炳高级中学内,南京田家炳高级中学创生楼,32.084774,118.777308,学校
办公楼5号,南京林业大学研究生党工委,32.078812,118.814073,学校
宁海路122号,田家炳教育书院,32.052176,118.767864,学校
中央商务区水西门大街345号,乐博艺术培训学校,32.033856,118.741934,学校
模范马路65附近,南京邮电大学三牌楼校区物联网广场,32.078539,118.770858,学校
中央门街道新模范马路66号,南京邮电大学物联网广场,32.078721,118.770907,学校
马府街45号,南京市五老村小学马府街分校,32.030065,118.792866,学校
龙蟠路159号,南京林业大学,32.078616,118.816935,学校
东井村,鼓楼区第二实验小学,32.099178,118.801799,学校
汉口西路134号附近,南京师范大学自学考试办公室,32.054579,118.768771,学校
宁海路与广州路交叉口西150米,南京师范大学随园校区MBA教育中心,32.051794,118.770325,学校
太平北路122号,东南大学-研究生会,32.052960,118.798751,学校
铁路北街128号,南京财经大学福建路校区,32.08627,118.761716,学校
集庆路167号,南京市凤游寺小学,32.018217,118.771754,学校
凤凰街凤凰庄4号,南京市二十九中教育集团致远校区,32.042077,118.760425,学校
梅花街与茶花巷交叉口东北50米,南京晓庄学院音乐学院学工办,32.036861,118.750586,学校
龙蟠路151-2号,南京市小营小学(科利华分校),32.081426,118.806313,学校
宁海路122号,南京师范大学随园校区金陵女子学院南京校友会,32.052098,118.769336,学校
富丽山庄16幢,月牙湖小学,32.026472,118.836406,学校
中山路与高家酒馆交叉口北100米,南京大学实验中学,32.048378,118.783709,学校
中央门外和燕路438号,南京市伯乐中学,32.122815,118.82766,学校
萨家湾花苑46号,南京市鼓楼中等专业学校,32.084276,118.758098,学校
秦虹街道武定新村2号,南京市武定新村小学,32.01073,118.804034,学校
东牌楼74号,南京市财经学校,32.018385,118.786159,学校
凤凰西街226号,南京市凤凰花园城小学(聚泽园校区),32.041987,118.740339,学校
汉口路22号,南京大学鼓楼校区财务处,32.053320,118.781020,学校
汉口路22号南京大学鼓楼校区,南京大学鼓楼校区青年共产主义学校,32.053328,118.781325,学校
汉口路22号,南京大学鼓楼校区国有资产管理处,32.053834,118.779831,学校
闽江路28号附近,银城小学拉萨路小学分校,32.052893,118.733019,学校
祁家桥31号2层,江苏丽人美容摄影化妆职业学校,32.071623,118.766163,学校
东井亭,南京市砺志实验小学,32.097258,118.7973,学校
龙蟠中路21号,南京市小营小学,32.054899,118.807011,学校
游府西街12号,南京市游府西街小学,32.038797,118.791209,学校
许家巷15号,考棚小学,32.019346,118.782958,学校
瞻园路22号,夫子庙小学,32.020272,118.788355,学校
南京林业大学办公楼4号,南京林业大学招标办公室,32.075829,118.812388,学校
中山北路101号,中央广播电视大学,32.065928,118.774915,学校
察哈尔路十二新村40号,南京市察哈尔路小学,32.078741,118.754898,学校
虎踞北路37号,古平岗小学,32.073055,118.753883,学校
张府园21号,建邺路小学,32.031438,118.782164,学校
钓鱼台147号,南京市钓鱼台小学,32.018013,118.778162,学校
蓝天园23号,南京市第二十九中学,32.052905,118.745432,学校
北东瓜市与宁海路交叉口西北50米,南京师范大学,32.054003,118.771460,学校
,东南大学,32.055313,118.795964,学校
珠江路288附近,东南大学四牌楼校区中山院,32.053593,118.794618,学校
汉口路9号,南京大学鼓楼校区基本建设处,32.051508,118.780966,学校
汉口路22号南园综合楼,南京大学鼓楼校区房地产管理处,32.051573,118.780908,学校
汉口路22号南京大学鼓楼校区,南京大学鼓楼校区研究生会,32.051551,118.781697,学校
汉口路22号南园综合楼,南京大学鼓楼校区-中共南京大学委员会党校,32.051585,118.780910,学校
挹江门街道洪庙一巷8号附近,南京财经大学成教楼,32.086993,118.763249,学校
杨将军巷46,南京市第九初级中学,32.046984,118.791827,学校
中央北路69号,南京机电职业技术学院(中央门校区),32.099849,118.78102,学校
虎踞关与西康路交叉口西100米,河海大学河海馆,32.054863,118.762778,学校
锁金村71号,南京市第十三中学锁金分校,32.07158,118.817593,学校
四牌楼4号,南京师范大学附属小学,32.05448,118.791477,学校
三牌楼121号,三小学区房专家,32.080035,118.764877,学校
康居路41号,夫子庙小学分校,32.009306,118.809865,学校
华侨路街道宁海路122号,南京师范大学社会科学处,32.054550,118.768836,学校
龙蟠路159号南京林业大学学生处,南京林业大学大学生资助中心,32.078733,118.811503,学校
龙蟠路159号,南京林业大学就业创业指导中心,32.078733,118.811503,学校
西康路1号,河海大学离退休工作处,32.057448,118.763090,学校
宁海路122号南京师范大学公共管理学院,南京师范大学教师职业技能综合实训中心,32.052534,118.770095,学校
南东瓜市与宁海路交叉口西150米,南京师范大学随园校区教育部基础教育学科资源保护开发与应用研究课题办公室,32.052475,118.770130,学校
华侨路街道宁海路122号南京师范大学随园校区金陵女子学院南山专家楼旁边,南京师范大学随园校区贻芳报告厅,32.052028,118.770172,学校
南京师范大学随园校区12号楼,南京师范大学随园校区计算机中心,32.052847,118.769122,学校
,南京财经大学C楼,32.085258,118.760629,学校
西康路1号河海大学,河海大学闻天馆,32.057190,118.762625,学校
玄武门街道成贤街43号,南京中华文化学院,32.050143,118.795034,学校
成贤街43号,南京市社会主义学院,32.050143,118.795034,学校
宁海路122号南京师范大学随园校区,洲际酒店集团英才培养学院,32.052077,118.769953,学校
新城科技园白鹭东街80号,南京师范大学附属中学新城小学怡康街分校,32.013215,118.744653,学校
北京西路74号,南京艺术学院,32.062921,118.753452,学校
珠江路653号3幢,南京玄武外国语学校,32.047437,118.804925,学校
龙蟠路159号,南京林业大学基建处,32.075788,118.812284,学校
宁海路122号南京师范大学随园校区18号楼,南京师范大学随园校区法学院,32.051748,118.770317,学校
定淮门大街2号清江花苑,南师附中树人学校附属小学清江校区,32.066362,118.742077,学校
御道街20号(近明故宫午朝门),南京航空航天大学附属小学,32.03654,118.816902,学校
大清河18号,瑞金北村小学,32.03521,118.812402,学校
腾飞园4栋,环球艺朵私立美校,32.060604,118.746983,学校
白云园36号,白云园小学芳草园小学分校,32.054142,118.743796,学校
太平门农场巷124号,南京市玄武高级中学,32.056289,118.813914,学校
天妃巷121号,南京市第五高级中学,32.039066,118.777109,学校
新街口街道长江路272号,南京市职工中等专业学校,32.043542,118.794349,学校
新华西路57号,南京育英第二外国语学校,32.215125,118.743098,学校
柳洲南路8-10号南京市浦口区实验小学体育馆,浦口区实验小学,32.115575,118.71987,学校
中山南路386号,南京市府西街小学,32.028509,118.782475,学校
北京东路39号,中国科学院,32.058725,118.795400,学校
南秀村5号天文与空间科学学院,国家重点学科天体物理,32.055692,118.777111,学校
天津路1号,南京大学非计算机专业信息技术创新(竞赛)中心,32.057647,118.781289,学校
两江路与六朝松路交叉口东南100米,江苏省教育和科研计算机网络中心,32.056451,118.794243,学校
四牌楼2号东南大学四牌楼校区内,中国教育和科研计算机网华东(北)地区网络中心,32.056451,118.794243,学校
两江路与六朝松路交叉口西北100米,东南大学四牌楼校区MFA教学场地,32.057470,118.795035,学校
童卫路10号,南京农业大学自学考试办公室,32.033444,118.839686,学校
小火瓦巷32号,南京市火瓦巷小学,32.032498,118.790071,学校
宁海路122号,英国伦敦教师学院南京代表处,32.052667,118.768278,学校
教学楼17号,南京林业大学教材科办公室,32.079889,118.817505,学校
胜利村路4号,南京理工大学实验小学,32.029853,118.849474,学校
龙蟠路163号,南京市城建中等专业学校,32.074458,118.811588,学校
江山路路10号(柳袱小学对面),南京市力学小学海德北岸分校,32.126379,118.736904,学校
中山北路200号,南京工业大学虹桥校区行政楼,32.073887,118.768824,学校
龙蟠路159号南京林业大学档案馆,南京林业大学生环楼,32.076733,118.813910,学校
新街口街道中山路178号,南京市汇文女子中学,32.048580,118.784375,学校
锁金村61号,南京市锁金新村第一小学,32.070258,118.817396,学校
宁海路122号南京师范大学随园校区,南京师范大学随园校区新闻与传播学院影视艺术与管理教育中心,32.051959,118.767750,学校
古平岗35-1,江苏师范大学(南京校区),32.069506,118.754741,学校
新民路128号,南京市第三十九中学,32.090695,118.758485,学校
象山路与金象路交叉口东150米,宝江社区学校,32.107164,118.758098,学校
拉萨路7号(近广州路),拉萨路小学,32.047081,118.770841,学校
锁金五村2号,南京市锁金二小,32.074135,118.818469,学校
东井村100-3号,南京市鼓楼区第二实验小学分部,32.098259,118.799676,学校
西康路1号河海大学华水路附近,河海大学学生就业指导中心,32.057215,118.761561,学校
化纤新村28号,南京市化纤新村小学,32.126059,118.835706,学校
长江路碑亭巷51号,南京市第九中学东南大学附属中学,32.043009,118.7925,学校
大桥南路16号(家乐福),南京市第十二中学(大桥南路),32.088599,118.756137,学校
幕府西路郭家山路孙家凹82号,南京市建宁中学,32.101217,118.772575,学校
太平门洲城根43号,南京市水上运动学校,32.061119,118.810150,学校
创新路与求知路交叉口西北150米,南京林业大学报告厅,32.079058,118.815008,学校
安怀新村330号,南京南侨高级中学,32.100166,118.795056,学校
金陵村399号,中国长江航运集团金陵船厂技工学校,32.11136,118.767605,学校
童卫路东150米,南京农业大学化学试剂仓库,32.032582,118.840534,学校
曹后村28号,南京市第十三中学锁金分校(过渡校区),32.087091,118.806577,学校
建康新村16幢,南京市建康路小学,32.024858,118.795454,学校
莫愁路4栋(侯家桥),南京市石鼓路小学(东校区),32.03827,118.775925,学校
华电路89号,南京市中电颐和家园小学,32.096897,118.814983,学校
莫愁路天妃巷1号,南京市石鼓路小学(西校区),32.038081,118.773919,学校
黑墨营96号,北京东路小学(红山分校),32.087589,118.817538,学校
中山北路200号,南京工业大学城建学院自学考试办公室,32.073473,118.768784,学校
大悲巷13号,南京市玄武高级中学·初中部,32.044735,118.802300,学校
幕府西路92号,南京一中分校,32.104906,118.767647,学校
凤凰西街24号,芳草园小学(凤凰校区),32.043065,118.755797,学校
樱花路15号,樱花小学,32.084272,118.830278,学校
嫩江路与清凉门大街交叉口东南150米,南京商业学校-北区,32.045241,118.749039,学校
广州路300号江苏省人民医院,南京医科大学博士后流动站,32.049146,118.767220,学校
西康路1号河海大学,河海大学-北教,32.057263,118.759692,学校
园丁路附近,南京林业大学办公楼6号,32.076095,118.816235,学校
南瑞路与许府巷交叉口西南150米,南京邮电大学后勤管理处,32.082577,118.771414,学校
南瑞路与许府巷交叉口西南150米,南京邮电大学资源资产与实验室管理处,32.082574,118.771409,学校
新模范马路66号,南京邮电大学三牌楼校区行政办公楼,32.081639,118.771333,学校
中山北路200号,南京工业大学虹桥校区教学主楼,32.074727,118.768111,学校
文昌巷63号,南京第三高级中学文昌校区,32.037143,118.796698,学校
后宰门西村20号,南京市第五十四中学,32.047973,118.820576,学校
幕府西路9号南京城市职业学院下关校区(幕府西路校区)附近,江苏联合职业技术学院(南京商贸分院),32.111013,118.783551,学校
青岛路32号附近,南京大学附属中学初中部,32.052402,118.778149,学校
湖南路街道青岛路32号,南京大学附属中学国际高中,32.052297,118.77774,学校
瑞平街与瑞平路交叉口北150米,丁家庄小学,32.117989,118.85826,学校
创新路与水杉路交叉口西100米,南京林业大学行政楼3号楼,32.076204,118.812470,学校
姜家圩48-2号,南京市第十二中学初中部,32.079926,118.743371,学校
白下路117,南京第三高级中学(白下校区),32.029704,118.789594,学校
中央门创意中央(南京商厦南),喜德瑞供暖学院中央门店,32.088544,118.785909,学校
南京大学鼓楼校区,南京大学鼓楼校区-田家炳楼,32.057340,118.777686,学校
金银街18号,南京大学孔子学院办公室,32.057921,118.775545,学校
新模范马路66号,南京邮电大学国家工程研究中心通信与网络技术,32.081916,118.769802,学校
宁海路街道水佐岗49号,江苏省行政学院教研楼,32.069729,118.762297,学校
南秀村5号天文与空间科学学院,国家重点学科天体测量与天体力学,32.055683,118.777111,学校
湖南路街道南京大学鼓楼校区汉口路,南京大学鼓楼校区郑钢楼,32.055750,118.780205,学校
上海路203-207号附近,江苏国际预科学院8号楼,32.057451,118.772645,学校
中山北路200号,南京工业大学-教职工班车虹桥乘车点,32.075290,118.767130,学校
上海路203-207号附近,江苏国际预科学院6号楼,32.057595,118.772945,学校
汉口路22号附近,南京大学-考试中心,32.054882,118.779888,学校
汉口路22南京大学,南京大学人工微结构科学与技术协同创新中心访问学者办公室,32.054682,118.778434,学校
礼东路与金陵路交叉口西北50米,东南大学四牌楼校区礼东楼,32.055942,118.794710,学校
平仓巷5号,南京大学工程管理学院协鑫楼,32.055747,118.777878,学校
汉口路22号,南京大学-数学科研综合楼,32.058337,118.778486,学校
南高路与礼西路交叉口西北50米,东南大学四牌楼校区微电子学与固体电子学,32.055514,118.792745,学校
汉口路22号,南京大学鼓楼校区植物学,32.055224,118.778759,学校
四牌楼2号东南大学四牌楼校区中央大学旧址附近,东南大学四牌楼校区春晖堂,32.055947,118.794533,学校
汉口路22号,南京大学鼓楼校区生理学,32.055224,118.778759,学校
进香河路35号,东南大学四牌楼校区西区综合楼,32.055157,118.789953,学校
进香河路35号,东南大学四牌楼校区(西区),32.055701,118.789527,学校
汉口路22号南京大学鼓楼校区商学院308室,南京大学鼓楼校区EDP教育中心,32.058036,118.776240,学校
四牌楼2号东南大学四牌楼校区内,东南大学四牌楼校区资产经营管理处,32.056573,118.791340,学校
汉口路22号南京大学,南京大学鼓楼校区外国语学院A-Level中心,32.056232,118.777714,学校
汉口路22号南京大学鼓楼校区科研楼主楼10层,南京大学鼓楼校区技术转移中心,32.058326,118.778484,学校
四牌楼2号东南大学四牌楼校区,东南大学四牌楼校区工艺实习工场,32.057109,118.792476,学校
新街口街道进香河路35号,东南大学四牌楼校区岩土工程馆,32.056462,118.788697,学校
新模范马路66号南京邮电大学应用技术学院附近,南京邮电大学无线楼,32.081853,118.769800,学校
四牌楼2号东南大学四牌楼校区内,东南大学四牌楼校区MFA中心,32.057604,118.791332,学校
汉口路22号南京大学鼓楼校区,南京大学鼓楼校区科学技术处,32.057046,118.780327,学校
汉口路22号,南京大学鼓楼校区台港澳事务办公室,32.054853,118.780061,学校
四牌楼2号东南大学四牌楼校区进香河路六朝松附近,东南大学四牌楼校区艺术学博士后流动站,32.057604,118.791332,学校
汉口路22号,南京大学鼓楼校区学科建设与发展规划办公室,32.056449,118.779883,学校
金银街18号,建国大学南京代表处,32.057925,118.775544,学校
汉口路22号南京大学,南京大学鼓楼校区哲学系国学教育中心,32.056232,118.777714,学校
汉口路22号南京大学,南京大学鼓楼校区外国语学院国际教育中心,32.056232,118.777714,学校
金银街18号,哥廷根大学南京代表处,32.057925,118.775544,学校
四牌楼2号,东南大学南高院,32.055530,118.792498,学校
华电路11号,南京市迈皋桥中心小学,32.10278,118.818269,学校
三元巷大香炉30号,南京市第五初级中学(成美校区),32.032883,118.782414,学校
安品街49号,江苏省陶行知研究会实验学校,32.028640,118.775490,学校
莫愁路419号,南京市女子中等专业学校,32.039993,118.775237,学校
珠江路88号新世界中心a座2608室,南京小学,32.049604,118.788626,学校
大光路51号,大光路小学,32.022933,118.808802,学校
北安门街7号附近,南京师范大学文创园,32.046451,118.819183,学校
汉北路20号,南京市莫愁新寓小学,32.041032,118.757299,学校
西康路1号,河海大学现代教育技术中心,32.054782,118.760964,学校
华水路与河海路交叉口东南200米,河海大学-网络馆,32.054797,118.760989,学校
江东北路421号,南师附中树人学校附属小学(百合校区),32.070899,118.737581,学校
秣陵街道殷华街368号,南京师范大学附属中学江宁分校清水亭学校,31.906319,118.831933,学校
九条巷8号附近,南京市钟英中学(第三初中)南区,32.031393,118.785245,学校
金陵村宝象花园100号,滨江中学,32.108130,118.758897,学校
朝天宫街道水西门丁家巷7号,南京市朝天宫民族小学,32.031392,118.773086,学校
幕府东路与幕旭西路交叉口东南150米,南京商业学校(五塘校区),32.111078,118.783518,学校
网板路9,成贤街小学分校,32.102542,118.823397,学校
秀山路21号,南京师范大学附属中学新城初级中学怡康街分校,32.009295,118.7546,学校
金沙井34号,南京秦淮开放大学,32.022039,118.782115,学校
风光里136号,秦淮实验小学,31.998767,118.805604,学校
苜蓿园大街53号2栋,江苏省社会主义学院,32.032827,118.83067,学校
佛心桥36号,南京市宇花小学,32.050983,118.817703,学校
中华路369后门,中华中学,32.019086,118.784599,学校
白下路193,南京市第三高级中学(东校区),32.028788,118.793898,学校
玄武大道与红山路交叉口东北150米,南京林业大学大学生活动中心,32.079944,118.811970,学校
新街口街道四牌楼二号,东南大学节能监管平台,32.055967,118.796001,学校
汉口路5号附近,南京大学鼓楼校区南园办公室,32.053413,118.781434,学校
汉口路5号附近,南京大学鼓楼校区南园校广播台,32.053413,118.781434,学校
汉口路22号,南京大学-综合科,32.053903,118.779889,学校
群贤路,东南大学四牌楼校区致知堂,32.055531,118.795293,学校
新街口街道四牌楼2号东南大学四牌楼校区,东南大学四牌楼校区中大院,32.055056,118.794770,学校
珠江路280号珠江大厦,东南大学四牌楼校区电子科技与技术一级学科博士后流动站,32.055534,118.795292,学校
珠江路280号珠江大厦,东南大学四牌楼校区信息与通信工程一级学科博士后流动站,32.055534,118.795292,学校
金沙井36号,南京市秦淮区社会主义学校,32.022105,118.781937,学校
迈皋桥街6号,南京城市职业学院(栖霞校区),32.106737,118.808468,学校
明瓦廊64-66号,南京海外工商管理学院,32.035574,118.783030,学校
御道街29号,南京航空航天大学明故宫校区,32.035022,118.820282,学校
兴隆大街229号,中华中学上新河初级中学,32.020193,118.714659,学校
北京西路77号江苏第二师范学院,江苏第二师范学院教辅楼,32.057792,118.755442,学校
白马山庄1号,南京白马普罗高尔夫学院,32.060577,118.818714,学校
板仓街66号,南京师大建筑工程设计研究院,32.069784,118.820404,学校
察哈尔路37-1号附近,Caulfield Grammar School-Newton Hall,32.076856,118.755378,学校
宏光村双桥新村1号,南京市第十八中学,32.001311,118.799841,学校
光华路73号海福巷,南京行知实验中学,32.020532,118.844483,学校
中央门外晓庄中心村131号,南京实验国际学校,32.121693,118.810717,学校
玉塘东街2号,南京市南湖第二小学,32.030627,118.754745,学校
尧化街221号,栖霞区实验小学,32.115131,118.881586,学校
莫愁路419号,江苏第二师范学院南京学前教育分院,32.040183,118.774512,学校
中心村130金陵科技学院附近,南京实验国际学校南京晓庄学院附属学校,32.121958,118.810822,学校
尚书村79号,南航附属初级中学,32.027514,118.807629,学校
中山北路408号,南京市第十二中学,32.087703,118.744532,学校
新街口丰富路203号,创业者学院,32.038301,118.782142,学校
内环西线与汉中门大街交叉口东北200米,南京中医药大学国瑞堂,32.043739,118.766467,学校
华侨路街道汉中路282号南京中医药大学,南京中医药大学国粹堂,32.044057,118.766887,学校
游府西街46号,南京开放大学,32.038981,118.788582,学校
花园路11号,南京森林警察学院花园路校区,32.083538,118.82522,学校
锁金村街道南京林业大学学生公寓1区8幢南林学生公寓1区8栋旁,南京林业大学国防教育科学生公寓管理服务中心,32.079148,118.813418,学校
板仓街78号,南京师范大学(板仓街),32.072281,118.820850,学校
汉中路140号,南京医科大学五台校区,32.04408,118.774601,学校
汉江路99号,汉江路小学,32.048549,118.741171,学校
后宰门西村40号,江苏省青年管理干部学院,32.047466,118.817344,学校
后宰门西村9号,南京师范大学后宰门学区,32.046430,118.819008,学校
创新路与水杉路交叉口西南100米,南京林业大学行政楼4,32.075890,118.812633,学校
汉口西路77号附近,南京师范大学国家重点学科学前教育学艺术教育基地,32.051801,118.769876,学校
汉口西路75附近,江苏大自然办公室,32.052817,118.767908,学校
广州路与青岛路交叉口东北200米,南京大学鼓楼校区制剂室,32.051620,118.779396,学校
铁路北街128号(南京财经大学福建路校区南门入口处右侧),南京财经大学福建路校区培训中心,32.084327,118.762450,学校
中山路与南工路交叉口东南50米,东南大学四牌楼校区东南院,32.053603,118.795457,学校
虎踞北路44号,江苏省行政学院,32.069723,118.760625,学校
福建路洪庙巷10号,南京财经大学-福建路校区培训楼,32.084675,118.762497,学校
龙蟠路159号,南京林业大学·新庄,32.076720,118.810270,学校
东南大学四牌楼前,东南大学-前工院,32.054282,118.795346,学校
珠江路5号华利国际大厦39层,上海立信会计学院,32.050971,118.786490,学校
内环西线与古平岗立交交叉口东100米,江苏省行政学院文体中心,32.069356,118.758161,学校
虎踞北路46号附近,江苏省行政学院展览廊,32.069004,118.759106,学校
宁海路街道水佐岗49号,江苏省行政学院行政楼,32.069107,118.761310,学校
水佐岗路49号中共江苏省委党校附近,江苏省行政学院报告厅,32.069197,118.759595,学校
中山路与南工路交叉口东南50米,东南大学MBA中心,32.053560,118.795229,学校
虎踞北路46号附近,江苏省行政学院会议中心,32.069113,118.759117,学校
中山路与南工路交叉口东南50米,东南大学东南院,32.053573,118.795404,学校
福建路洪庙巷10号,南京财经大学培训楼,32.084689,118.762430,学校
汉口路22号南园综合楼,南京大学招标办公室,32.051573,118.780908,学校
四牌楼2号东南大学四牌楼校区内,东南大学四牌楼校区MBA中心,32.053547,118.795309,学校
四牌楼2号东南大学四牌楼校区,东南大学四牌楼校区电化教育中心,32.053646,118.794704,学校
滨海中路9号大连老虎滩海洋公园附近,东南大学四牌楼校区南京图书馆合作委员会,32.054386,118.793592,学校
汉口西路102号,南京师范大学随园校区出版社邮购中心,32.054662,118.771079,学校
建宁路街道建宁路118号,南京商业学校(建宁校区),32.094536,118.760044,学校
办公楼5号,南京林业大学科技开发服务部,32.078810,118.814075,学校
长乐路107号,长乐路小学,32.016695,118.790049,学校
月安街39号,南京致远外国语小学,32.019476,118.731564,学校
江东北路与裕盛东路交叉口苏宁广场6楼,优能中学,32.044900,118.740320,学校
吉祥庵神农路1号,南京特殊教育师范学院燕子矶校区,32.128751,118.830458,学校
茶南露园小区38号,南京晓庄学院第一实验小学,32.03209,118.749572,学校
南湖东路29号,南京市南湖第一小学,32.02608,118.761267,学校
洪庙巷14号,南京财经大学福建路校区教二楼,32.084685,118.761213,学校
珠江路222号附近,南京银启商学院,32.049286,118.789914,学校
玄武大道与红山路交叉口东200米,南京林业大学水杉剧社,32.079615,118.812354,学校
创新路与水杉路交叉口西南50米,南京林业大学学校办公室,32.076014,118.813289,学校
南京林业大学办公楼4号,南京林业大学保卫部,32.075831,118.812453,学校
创新路与水杉路交叉口西南50米,南京林业大学校领导,32.076067,118.813265,学校
教学11号楼,南京林业大学就业指导中心,32.077567,118.811368,学校
新庄广场与龙蟠路交叉口东200米,南京林业大学教学楼11幢,32.077848,118.811643,学校
树人路与龙蟠路交叉口东150米江苏《室内》杂志社附近,南京林业大学办公楼7号,32.076239,118.811687,学校
办公楼5号,南京林业大学党委办公室,32.076023,118.813321,学校
南京林业大学办公楼4号,南京林业大学后勤管理处,32.075843,118.812384,学校
挹江门街道铁路北街126号,南京财经大学教B楼,32.085339,118.760614,学校
龙蟠路159号,南京林业大学学生工作处,32.079287,118.812260,学校
玄武大道南京林业大学教学11号楼,中共南京林业大学学生工作部,32.079287,118.812260,学校
南京林业大学档案馆,南京林业大学森环楼1号楼,32.076473,118.813506,学校
宁海路122号南京师范大学随园校区,南京师范大学随园校区逸夫教育馆,32.052303,118.769870,学校
玄武大道与红山路交叉口东150米,南京林业大学招生办公室,32.079287,118.812260,学校
铁路北街128号南京财经大学,南京财经大学教1楼,32.085667,118.761050,学校
护城河南路南100米南京财经大学-体育馆,南京财经大学-离退休工作处,32.087432,118.761178,学校
护城河南路南200米南京财经大学福建路校区东二楼,南京财经大学东2楼,32.086692,118.762246,学校
南京财经大学东3楼,南京财经大学福建路校区东3楼,32.088323,118.762770,学校
铁路北街128号(南京财经大学福建路校区内),南京财经大学教3楼,32.086178,118.762117,学校
宁海路122号南京师范大学随园校区,南京师范大学随园校区汽车运输部办公室,32.052931,118.771240,学校
龙蟠路159号,南京林业大学化工楼2,32.077579,118.813264,学校
汉口西路134号,南京师范大学党委统战部,32.054550,118.768836,学校
宁海路122号南京师范大学随园校区15号楼,南京师范大学随园校区社会科学处,32.054579,118.768771,学校
洪庙巷附近,南京财经大学福建路校区图二楼,32.086059,118.761552,学校
洪庙巷10号,南京财经大学福建路校区综合楼,32.086082,118.761067,学校
铁路北街132附近,南京财经大学(福建路校区)-D楼,32.085054,118.760660,学校
方家营路399号,南京市拉萨路小学分校方兴小学,32.102460,118.748763,学校
集庆门大街6号,南湖第三小学,32.027184,118.750350,学校
白区下御道街32号,南京聋人高级中学,32.03049,118.815639,学校
仙鹤街88号,南京市文枢中学,32.023476,118.774657,学校
北门桥1-16号,南京艺术学院尚美学院-洪武北路小学,32.047456,118.788557,学校
钓鱼台19号,南京市文枢初级中学,32.013587,118.780176,学校
实验小学南京市琅琊路小学分校北门,栖霞区实验小学(尧辰路校区),32.127092,118.882931,学校
热河南路37号,南京市鼓楼区业余体校(热河南路),32.081376,118.74229,学校
弘阳旭日爱上城,南京市浦口外国语学校,32.127868,118.720009,学校
双塘街道金沙井34号,南京市广播电视大学秦淮区分校,32.022036,118.782121,学校
积贤街17号,南京市陶行知小学,32.025691,118.73471,学校
红山街道红山路197号中国兵工物资,南京职业中专学校,32.095538,118.808846,学校
红山路197号中国兵工物资,中国兵工物资南京职业中专,32.095864,118.808168,学校
察哈尔路110号,南京市中等专业学校(直属育才校区),32.074516,118.748509,学校
红山街道红山路130号,南汽技工学校,32.091816,118.810146,学校
中山东路145号,南京市中山东路体育运动学校,32.042628,118.791725,学校
办公楼5号,南京林业大学教务处,32.078814,118.814058,学校
办公楼5号,南京林业大学财务处,32.078588,118.814193,学校
莫愁路419号南京幼儿高等师范12,江苏教育学院南京学前教育分院,32.039882,118.775324,学校
北圩路77号,南京审计大学(莫愁校区),32.039629,118.751859,学校
虎踞路97号清凉山,南京市清凉山体育运动学校,32.053559,118.754257,学校
中山东路378南京外贸口岸大楼18层,南京外贸中专学校,32.040436,118.798378,学校
龙园北路与龙腾街交叉口东南100米,南京市鼓楼中等专业学校(龙江特殊教育分校),32.061969,118.745205,学校
汉中路129号(近螺丝转弯),江苏建康职业学院,32.041304,118.7775,学校
热河南路37号孙俊葛菲羽毛球俱乐部,南京市羽毛球运动学校,32.081448,118.742411,学校
汉口西路,南京师范大学随园校区音乐教室,32.052651,118.768098,学校
宁海路122号南京师范大学随园校区,南京师范大学随园校区幼儿教育发展中心,32.052721,118.768293,学校
龙蟠路159南京林业大学档案馆,南京林业大学(风景园林学院),32.076578,118.813985,学校
迈尧路611号,南京市晓庄第二小学,32.129592,118.852472,学校
红梅巷26号,南京市西街小学,32.010487,118.77704,学校
洪武北路133号,南京理工大学继续教育学院玄武电大学习中心,32.046933,118.788581,学校
汇景路111号,南京市秦淮第二实验小学,31.981735,118.809541,学校
沙洲街道楠溪江东街82号,南京师范大学附属中学新城小学(南校区),31.994354,118.730318,学校
方家营367号,南京市城建中等专业学校(方家营校区),32.101751,118.751987,学校
迈皋桥街6号,南京新港中等专业学校,32.106531,118.808049,学校
幕府东路55-78号,南京市旭日景城小学,32.116266,118.785536,学校
宝塔桥东街12号,南京鼓楼天河实验小学,32.108278,118.755438,学校
楠溪江西街58号,南京致远外国语小学分校,32.004617,118.714958,学校
挹江门街道洪庙巷5号,南京商业学校(洪庙巷校区),32.083928,118.761913,学校
龙蟠路177号,南京邮电大学锁金村校区西教楼,32.070192,118.814023,学校
森环楼,南京林业大学校史馆,32.076632,118.813905,学校
梁希路与求知路交叉口西南100米,南京林业大学轻工技术与工程博士后科研流动站,32.077648,118.813727,学校
炼油厂O号路3号,栖霞区(海门)实验初级中学南炼校区,32.148632,118.928374,学校
军农路14号,南京工业职业技术学院,32.017366,118.834226,学校
仙林街道,南师附中仙林学校小学部(南邮校区),32.122618,118.926328,学校
竹新路68号,竹山小学,31.945281,118.839593,学校
上元路10号,南京市上元小学,31.952441,118.855435,学校
西康路3号28幢附近,河海大学教材发行中心,32.057717,118.760810,学校
办公楼5号,南京林业大学监察处,32.078804,118.814065,学校
南京林业大学办公楼5号,南京林业大学新闻中心,32.078602,118.814145,学校
南京林业大学办公楼5号,南京林业大学校工会,32.078588,118.814167,学校
办公楼5号,南京林业大学学校发展基金会秘书处,32.078802,118.814082,学校
办公楼5号,南京林业大学资产管理处,32.078575,118.814167,学校
办公楼5号,南京林业大学纪委办公室,32.078818,118.814101,学校
办公楼5号,南京林业大学党委组织部,32.078782,118.814090,学校
办公楼5号,南京林业大学科研平台建设办公室,32.078791,118.814089,学校
办公楼5号,南京林业大学校长办公室,32.078775,118.814082,学校
梁希路与求知路交叉口北100米,南京林业大学办公楼5号,32.078568,118.814171,学校
龙蟠路159号,南京林业大学科技处,32.078797,118.814066,学校
西康路1号河海大学,河海大学友谊楼,32.056057,118.762327,学校
孝陵卫街200号南京理工大学118幢,南京理工大学科技园管理中心,32.031525,118.857265,学校
龙池庵62号城苑科创园1号楼4层,南京市中保职业培训学校(鼓楼校区),32.084915,118.749539,学校
南京林业大学办公楼5号,南京林业大学党委宣传部,32.078624,118.814178,学校
办公楼5号,南京林业大学研究生院,32.078825,118.814072,学校
创新路与水杉路交叉口东150米南京林业大学档案馆,南京林业大学教学楼6号,32.076376,118.814723,学校
办公楼5号,南京林业大学人事处,32.078816,118.814079,学校
办公楼5号,南京林业大学审计处,32.078816,118.814109,学校
南京林业大学办公楼5号,南京林业大学国际合作处(港澳台事务办公室),32.078685,118.814122,学校
办公楼5号,南京林业大学学科建设办公室,32.078785,118.814099,学校
梁希路与求知路交叉口北100米,南京林业大学校友工作办公室,32.078804,118.814085,学校
宁海路街道西康路1号河海大学华水路附近,河海大学校办产业管理办公室,32.057724,118.760718,学校
虎踞北路21号古林公园,南京艺术学院古林园区,32.065998,118.756117,学校
广州路222号附近,南京市公用事业技工学校,32.051502,118.772651,学校
中山路179易发信息大厦8B,南京学大教育专修学校-总部,32.049742,118.783537,学校
广州路228易发科技大厦8层,南京新天地职业学校,32.051738,118.771974,学校
瑞金路38号,南京市瑞金路小学,32.031447,118.812737,学校
双龙大道双麒路60-1号,南京交通科技学校(双龙校区),31.976335,118.820802,学校
御道街29号南京航空航天大学明故宫校区,南京航空航天大学明故宫校区逸夫科学馆,32.036999,118.819142,学校
北圩路41号,南京晓庄学院,32.036709,118.752969,学校
梅花街与茶花巷交叉口东100米,南京晓庄学院音乐学院校外艺术教育中心,32.036609,118.750944,学校
向学路附近,南京航空航天大学航天学院,32.038518,118.820583,学校
北圩路41号,东方文化国际交流学院,32.036805,118.751116,学校
秦淮区中华路369号,中华中学初中部,32.018308,118.784860,学校
凤凰街与凤凰西街交叉口东南200米,南京市芳草园小学凤凰校区(南),32.042773,118.761079,学校
灵谷寺路8号,南京体育学院,32.04434,118.867013,学校
营苑南路3号,南京市第十三中学红山校区(初中部),32.101626,118.831127,学校
万小路与玉尚路交叉口东南150米,南京市青秀城小学,32.112822,118.831933,学校
网板路12-8号附近,南京市立贤小学,32.103158,118.823446,学校
南京林业大学办公楼6号,南京林业大学画室,32.076106,118.816123,学校
湘江路9号,银城小学南校区,32.049027,118.732943,学校
文范路1号,南京师范大学附属中学仙林学校小学部,32.093495,118.909978,学校
新街口游府西街46号,南京城市职业学院(新街口校区),32.039338,118.788627,学校
平江府路与建康路交叉口西北50米,夫子庙小学分部,32.02425,118.790546,学校
小行路16号,江苏警官学院,31.993256,118.756746,学校
花露北岗21号,南京市文枢初级中学(凤凰台校区),32.017652,118.771855,学校
平江府路166号,南京市第二十七高级中学(平江府路),32.017471,118.792097,学校
健民路330号,南化小学,32.226272,118.744014,学校
红山路88号常发广场3号楼620室,小V美趴设计学院,32.085784,118.811323,学校
宁海路122号田家炳教育书院附近,南京师范大学随园校区影视艺术与管理教育中心,32.051869,118.767771,学校
中山路129中南国际大厦6层,博西中国家电学院,32.047426,118.783660,学校
营苑南路3号,南京市第十三中学(红山校区),32.102001,118.831465,学校
明瓦廊64-66号,南京信息管理学院,32.035564,118.783064,学校
开元欣街1号,将军山小学(开元欣街),31.945821,118.782435,学校
银龙路19号,银龙花园小学,32.002882,118.853852,学校
赛虹桥街道凤台南路28号(虹悦城对面),南京实验学校南京一中分校,32.010466,118.762185,学校
西康路1号河海大学,河海大学港澳台事务办公室,32.055640,118.761789,学校
茶花里12号,南湖第三小学分校,32.036363,118.750641,学校
,南京市凤凰花园城小学,32.042801,118.744324,学校
月苑南路10号,南京市月苑第一小学,32.099525,118.828902,学校
凤凰西街150-1号,江苏卫生健康职业学院,32.043783,118.750353,学校
甘家巷154号,南京市甘家巷小学,32.141564,118.922535,学校
马群文康苑邻里中心二楼蓓享教育(都好火锅城二楼),南京市第一中学,32.036037,118.899345,学校
南邻扬子江大道,南京师范大学附属中学树人学校,32.071066,118.731599,学校
水佐岗路57附近,江苏城市职业学院定淮门东校区创3DDIY艺术工坊,32.069890,118.754215,学校
石头城路68号江苏石城会议中心,江苏省工会职业技术学校,32.055040,118.751097,学校
创新路与求知路交叉口西南100米,南京林业大学材料院,32.077893,118.815181,学校
花园路6号,南京市玄武中等专业学校(花园路),32.076241,118.82544,学校
中央北路156号,南京市弘港职工学校,32.107465,118.780945,学校
东山镇天印大道701号,上元中学,31.960798,118.859662,学校
文德西路251号,南京市浦口区第二中学,32.052336,118.624892,学校
建邺路168号6-2号楼6509室,江苏省社会科学院,32.032597,118.778453,学校
御道街29号南京航空航天大学明故宫校区,南京航空航天大学校史与办学成就展,32.032718,118.821174,学校
张府园62号-1,白下区社区教育培训学院朝天宫街道分院,32.032422,118.781859,学校
华电东路8号,南京医科大学教学医院,32.103718,118.815182,学校
御道街29号南京航空航天大学明故宫校区,南京航空航天大学体育部,32.032321,118.819912,学校
虎踞北路15号,南京艺术学院实训工场,32.065114,118.755714,学校
龙蟠路159号,南京林业大学-土木院楼,32.077062,118.815908,学校
华水路与河海路交叉口东北100米,河海大学流域水环境与水安全协同创新中心,32.056746,118.760330,学校
西康路1号,河海大学国际合作处,32.055615,118.761661,学校
,南京林业大学电镜室,32.076515,118.816032,学校
黄山路150,南京市建邺实验小学,31.990827,118.727705,学校
长白街334号,江苏省戏剧学校,32.031024,118.796251,学校
泰山街道浦东村15号,南京城市职业学院(浦口校区),32.108571,118.712484,学校
龙蟠中路317-1号南京市科学技术普及服务中心,南京市交通技师学院交通狮麟驾院分院,32.030596,118.801553,学校
北圩路81号,农银大学江苏分校,32.040226,118.75308,学校
杨庄南村28号,南京信息工程大学附属实验小学,32.211848,118.736317,学校
万安东路64号,南京市东山小学分校上坊小学,31.960777,118.882977,学校
光华路街道光华路4号,南京市鑫园小学(游府西街小学分校),32.017649,118.819555,学校
和燕路403号,南京市幕府山庄小学,32.124125,118.819169,学校
和燕路201-1号西北90米,南京市鼓楼区第三实验小学,32.098642,118.801550,学校
剪子巷132号,南京秦淮外国语学校,32.01183,118.790986,学校
天景山小区湖东路66号,南京市天景山中学,31.943091,118.876671,学校
南京化学工业园区旭东路279号,南京市大厂高级中学,32.222185,118.75347,学校
南湖文体路30号,南京市建邺区业余体育学校,32.029373,118.759979,学校
建康路205号,南京金陵中等专业学校,32.024153,118.791653,学校
竹新路58号,南京市竹山中学,31.944828,118.841667,学校
公园路42号,南京市体育运动学校,32.029387,118.803027,学校
湖东路66号,天景山小学,31.944761,118.878149,学校
幕府西路92号,南京师范大学附属中学实验初级中学,32.105323,118.767261,学校
黄土山43号,天妃宫小学,32.089452,118.748138,学校
大悲巷雍园3号楼,十三中教育集团南京市玄武高级中学(初中部),32.044888,118.802444,学校
北圩路129号,鼓楼实验小学(琅琊路小学分校),32.048541,118.752011,学校
大悲巷13号,南京市科利华中学(梅园校区),32.044777,118.802170,学校
诚信大道89号,南京市诚信小学,31.90626,118.78435,学校
北京西路74号南京艺术学院44号楼,南京艺术学院艺术市场实验中心,32.063211,118.755255,学校
创新路与求知路交叉口南150米,南京林业大学机电楼3号楼,32.077062,118.815986,学校
龙蟠路159号,南京林业大学-香樟苑教室,32.076458,118.816170,学校
富贵山路南150米,南京财经大学专接本办学点,32.051150,118.822001,学校
小火瓦巷48村15号,南京市游府西街小学分校,32.034680,118.787832,学校
户部街29-8号附近,哈佛北大精英创立中小学1对1或1对3,32.035163,118.789317,学校
申家巷37号附近,南京郑和外国语学校小学部,32.030728,118.797465,学校
泰山街道扶轮后街33号浦口,南京市江北新区铁路小学,32.099645,118.721721,学校
古平岗35-1号江苏城市职业学院,江苏城市职业学院方分校综合楼-北楼,32.070047,118.753259,学校
内环西线与内环西线出口交叉口西南200米,南京艺术学院-大学生创业园,32.063074,118.755359,学校
内环西线与内环西线出口交叉口西南200米,南京艺术学院大学生创业管理办公室,32.063072,118.755352,学校
古平岗35-1,江苏城市职业学院-综合楼,32.070047,118.753267,学校
中山东路532-2号金蝶软件园,南京工业职业技术学院(中山校区),32.038266,118.822720,学校
恒嘉路与红山支路交叉口东北100米,南京市红山小学,32.088264,118.817467,学校
朝阳路,中国林业科学研究院林产化学工业研究所生物质楼,32.075660,118.819091,学校
虎踞北路15号,江苏省工业设计实验教学中心,32.065143,118.752676,学校
汉北路20号附近,南京市莫愁新寓小学诗意楼,32.040866,118.757231,学校
浦园路17号(近浦东路),浦口区实验小学浦园路校区,32.105703,118.719224,学校
和燕路451号,南京晓庄学院附属小学,32.129305,118.821769,学校
丹青路1号,南京外国语学校仙林分校麒麟中学,32.049338,118.920662,学校
孝陵卫街200号,南京理工大学,32.02891,118.855629,学校
上元大街319号(近建设大厦),江宁实验小学,31.952754,118.836605,学校
清江南路19号南大苏富特边上,MR.B外教篮球学院(江东软件城教学点),32.037305,118.729368,学校
光华东街17号,南京航空航天大学附属高级中学光华门校区,32.022785,118.817791,学校
江东北路166号附近,江苏城市职业学院,32.063840,118.738296,学校
樱驼花园路100号,南京市玄武中等专业学校(樱海公寓西),32.086481,118.830278,学校
仙鹤门二号路与文枢西路交叉口南150米,南京师范大学附属小学仙鹤门分校,32.08504,118.901993,学校
文安街武定新村5号,南京市第二十七高级中学(文安街),32.009758,118.803486,学校
幕府东路,五塘小学,32.113610,118.781007,学校
宝塔桥街道金陵小区四村31号,方兴小学(过渡校区),32.110112,118.763693,学校
幕云路与幕旭西路交叉口西北100米,南京市二十九中幕府山初级中学,32.113716,118.780993,学校
洪武北路121号苏苑大厦12楼,北大青鸟南京协同软件学院,32.045920,118.788354,学校
西善桥,上海梅山高级中学,31.951667,118.716257,学校
晓庄中心村130号,金陵科技学院,32.123009,118.812215,学校
夫管办东牌楼74号,江苏联合职业技术学院(南京财经分院),32.018385,118.786159,学校
旭光路与龙池路交叉口西北150米,江苏省六合实验小学,32.333269,118.828371,学校
康居西路与秦虹南路交叉口东南100米,南京市第二十七中学,32.008431,118.807792,学校
文轩路与白云路交叉口东北50米,南京百联驾校报名点,31.777075,118.865180,学校
创新路与求知路交叉口东南100米,南京林业大学教学主楼0幢,32.077815,118.816422,学校
小行路尤家凹18号近河西大街,江苏第二师范学院,31.980028,118.744064,学校
龙蟠南路67号,秦淮区第一中心小学,32.007854,118.798167,学校
凤凰西街13附近,江苏联合职业技术学院(南京商贸分院),32.041825,118.748683,学校
虎踞北路古林公园,天星音乐剧学院,32.067657,118.753553,学校
南湖厂圩北街2号,南京特殊教育师范学校附属小学,32.025464,118.752043,学校
马府街39号,南京市马府街小学,32.030008,118.792552,学校
雨花东路47号,南京城市职业学院(雨花校区),31.997880,118.787645,学校
长虹路389号爱达花园,南京市南湖第一小学爱达花园校区,32.015593,118.761367,学校
虎踞北路15号,南京艺术学院附中琴房,32.063195,118.751966,学校
桥北村265号,柳袱小学,32.125824,118.738036,学校
南京林业大学教学楼19号,南京林业大学北大山教室,32.079461,118.818364,学校
石头城路88附近,南京艺术学院专家楼,32.062603,118.751543,学校
虎踞北路15号,南京艺术学院行政楼,32.060848,118.755056,学校
中山南路九条巷8号,南京市第三初级中学(中部校区),32.031200,118.785220,学校
虎踞路40号,南京市第二十九中学(四中校区),32.045468,118.764027,学校
龙蟠里5号(开元新居西),南京市第二十九中学初中部,32.046323,118.763185,学校
航空航天大学明故宫校区,南航SQA留学中心,32.038792,118.820780,学校
浦东路河西街,南京市河西中学,32.105654,118.723355,学校
铁心桥大道80号附近,三江学院综合服务楼,31.958439,118.749783,学校
春熙路310号附近,三江学院-大学生艺术活动中心,31.958389,118.751972,学校
芦柴州1号,拉萨路小学方家营分校,32.102458,118.748765,学校
莫愁路419号,南京财经高等职业技术学校,32.040165,118.775276,学校
白下路117号,南京市游府西街小学分校火瓦巷小学(一年级校区),32.030415,118.789630,学校
厅后街5号,南京市钟英中学(南部校区),32.030682,118.784797,学校
江东北路216-1号附近,同质同步美国幼儿园美国小学,32.052152,118.741289,学校
漓江路162-3号,拉萨路小学分校宝船小学,32.060858,118.737300,学校
长江路网巾市14号财贸党校二楼,南京薇薇职业学校,32.045829,118.791170,学校
虎踞北路15号,南京艺术学院信息化建设管理中心,32.062984,118.753694,学校
虎踞北路,南京艺术学院46号楼北侧大厅,32.061910,118.754042,学校
朝阳路与求知路交叉口东南150米南京林业大学-教学八楼图书馆附近,南京林业大学报告厅,32.077194,118.817696,学校
龙蟠路159号南京林业大学-体育馆,南京林业大学体育教育部,32.081312,118.816867,学校
西康路1号河海大学,水利水电学院,32.056474,118.758465,学校
卫岗1号南京农业大学,科学技术部国家有机类肥料工程技术研究中心,32.033878,118.843726,学校
雨花西路普德村148号,雨花台区实验小学,32.004101,118.77487,学校
文昌路1,江苏省江浦高级中学(文昌校区),32.062015,118.62845,学校
虎踞北路15号,南京艺术学院实验剧场,32.063759,118.752228,学校
建宁路118号,城市学院,32.094771,118.759999,学校
白马山庄1号时光岛游乐场旁边,南京胜瑞斯足球学院,32.061069,118.816882,学校
北京西路77号,流行音乐学院,32.063452,118.752456,学校
北京西路93号附近,江苏第二师范学院饮食管理服务中心,32.057793,118.752744,学校
牌楼巷28-30号,南京医科大学国际交流合作办公室,32.045054,118.774034,学校
北京西路77号江苏第二师范学院,江苏教育学院学生工作处,32.057833,118.755433,学校
北京西路77号江苏第二师范学院,江苏教育学院分院管理办公室,32.057833,118.755433,学校
北京西路77号江苏第二师范学院,江苏第二师范学院后勤楼,32.059203,118.754330,学校
北京西路77号,江苏教务学院就业分中心,32.057833,118.755433,学校
朝阳路与求知路交叉口东北200米,南京林业大学教学楼19号,32.079775,118.818138,学校
朝阳路与求知路交叉口东北150米,南京林业大学教学楼7号,32.079264,118.817589,学校
东南大学国家大学科技园玄武楼5层501,东南大学国家大学科技园展厅,32.046906,118.798924,学校
虎踞北路15号,南京艺术学院附中舞蹈教室(五),32.063195,118.751966,学校
虎踞北路15号,南京艺术学院流行音乐学院琴房B18-32,32.062689,118.751445,学校
西康路1号河海大学华水路河海大学-电视台附近,河海大学新闻宣传中心学生广播站,32.054712,118.758360,学校
上海路地铁站2号口西北200米,南京医科大学先知楼,32.043812,118.773955,学校
竺桥41号,南京市中小学科技创新学院,32.045765,118.802187,学校
内环西线与草场门大街交叉口西北200米,南京艺术学院-招生就业处,32.061962,118.754900,学校
朝阳路与求知路交叉口东南100米,南京林业大学教8楼,32.078038,118.817248,学校
华电路89号,拉萨路小学分校,32.096482,118.815788,学校
樱陀花园东方城小区拂晓园7号,樱花小学(东方城校区),32.088116,118.83461,学校
赛虹桥街道凤台南路28号(虹悦城对面),南京一中实验学校(小学部),32.010668,118.762446,学校
玄武大道与经五立交桥交叉口南100米,大众书画院红山书院,32.088516,118.834854,学校
井头路与胜太西路交叉口西南150米,正德职业技术学院后勤处,31.941779,118.783287,学校
仙林大学城文苑路3号,南京财经大学仙林校区,32.107498,118.922689,学校
雨山西路86号,南京审计大学浦口校区,32.062833,118.608419,学校
四方新村八村九幢号,四方小学,32.015899,118.842075,学校
龙蟠中路489号,小西湖小学(枫丹·白露城市花园东南),32.01741,118.802506,学校
锁金东路与锁金北路交叉口东北100米,南京林业大学科研楼,32.075204,118.818253,学校
北京西路77号江苏第二师范学院,江苏省高校招生就业指导服务中心江苏教育学院就业分中心,32.057833,118.755433,学校
朝阳路与求知路交叉口东北200米,南京林业大学教学楼17号,32.079936,118.817435,学校
南京林业大学教学楼17号,南京林业大学教材仓库,32.079932,118.817524,学校
虎踞北路15号,南京艺术学院教务服务中心,32.060606,118.754661,学校
内环西线与内环西线出口交叉口西北100米,江苏省高校招生就业指导服务中心江苏第二师范学院就业分中心,32.057725,118.755568,学校
龙西路10号,三江学院机械工程系数控技术实验实训中心,31.959747,118.750044,学校
金马路南100米,紫金小学,32.065992,118.912317,学校
滨江大道3号,琅琊路小学(明发滨江分校),32.127011,118.739994,学校
赛虹桥街道雨花西路260-1号,南京中华中等专业学校,31.995762,118.762821,学校
大悲巷与雍园交叉口南100米,南京市梅园新村社区科普大学,32.043300,118.802310,学校
汉中路282南京中医药大学7幢,南京中医药大学国际远程会诊中心,32.043957,118.768405,学校
丰富路与陆家巷交叉口北50米,创北者学院,32.038018,118.781966,学校
华侨路街道汉中路282号,南京中医药大学金杏楼,32.044632,118.766315,学校
峨嵋岭附近,南京中医药大学第一临床医学院临床技能培训中心,32.043897,118.768761,学校
教学楼9号,南京林业大学教学9楼,32.078097,118.822332,学校
仙林大道136号,南京外国语学校(仙林分校),32.099311,118.937390,学校
管家桥9号华新大厦,汇聚商学院,32.042707,118.781466,学校
北京西路77号江苏第二师范学院,江苏第二师范学院艺术体育综合楼,32.057594,118.754684,学校
北京西路77号,江苏第二师范学院,32.058258,118.754409,学校
牌楼巷28-30号,南京医科大学港澳台办公室,32.045054,118.774034,学校
定淮门大街8-4号附近,优能中学,32.065561,118.739923,学校
北苑西路99号,南京市迈皋桥初级中学,32.112395,118.817980,学校
二板桥349号,南京市力学小学分校,32.083468,118.740700,学校
科建路18号,潭桥小学,31.924331,118.843161,学校
中山东路与黄埔路交叉口西北150米,南京大学外科学,32.040499,118.809404,学校
庄排路8号,百家湖小学,31.943834,118.825105,学校
凤凰西街148号,南京商业学校(南校区),32.041729,118.748382,学校
点将台路52号,江苏新东方烹饪学校,32.130179,118.696237,学校
马群新街181号,太阳城小学,32.057067,118.896639,学校
锁金六村42附近,小天鹅艺校,32.071259,118.816582,学校
中央北路69号,南京市机电中等专业学校,32.100485,118.782897,学校
旋子巷55号,考棚小学,32.013354,118.779156,学校
南苑街道湖西街58号,南京市医药中等专业学校,32.024229,118.746204,学校
丰清路附近,29中附属中学初中部,32.112265,118.817658,学校
御道街169号御水湾小区旁游府西街小学,南京市游府西街小学国际部,32.016567,118.819310,学校
铁心桥街道龙西路10号,三江学院行政办公楼,31.958467,118.752674,学校
文晖路56,南京市科利华中学棠城分校,32.324807,118.834675,学校
莫愁湖西路3号附近,江苏省好苏嫂职业培训学校,32.034716,118.756684,学校
安国村58号,南京市莫愁中等专业学校,32.0237,118.750902,学校
浦园路5号,南京市第十四中学,32.10344,118.716664,学校
汉中路129-6附近,江苏卫生健康职业学院,32.041992,118.777633,学校
黄山岭路69号,江苏卫生健康职业学院浦口校区,32.076041,118.611,学校
珠江镇江浦街道龙华路18号,南京浦口中等专业学校,32.068201,118.636996,学校
梦都大街60号(近黄山路),金陵中学河西分校,32.009272,118.739425,学校
中山东路532-2号金蝶软件园H2栋2层,南师君学商学院(活动中心),32.036872,118.823033,学校
光华路附近,南京理工大学-机械学院院办,32.024863,118.859637,学校
义民路与建宁路交叉口东北50米,南京商业学校,32.094218,118.759531,学校
建宁路118号,江苏联合职业技术学院(南京商贸分院),32.094628,118.759688,学校
虎踞北路15号南京艺术学院,南京艺术学院附属中等艺术学校,32.063195,118.751966,学校
中央北路与郭家山路交叉口西150米,南京机电工业技工学校,32.100953,118.781650,学校
葛关路625号,南京科技职业学院,32.234097,118.749413,学校
玉兰路与金陵路交叉口西南150米,南京农业大学杂交水稻产业提升协同创新中心,32.032030,118.841329,学校
卫岗1号南京农业大学理科楼南楼1楼,南京农业大学网络信息服务大厅,32.031546,118.840872,学校
南京农业大学理科楼南楼2层,南京农业大学生物信息学中心,32.031546,118.840872,学校
应天大街832号,江苏城市职业学院应天路校区,32.020304,118.747309,学校
华侨路街道慈悲社5号,江苏联合职业技术学院(南京财经分院),32.044603,118.779360,学校
花神大道128号,三江学院东校区,31.965451,118.774858,学校
泰山街道江山路18号,南京一中明发滨江分校,32.129145,118.740535,学校
蓝旗街18幢附近,南京师范大学教师教育学院南京航空航天大学附属高级中学教师专业发展学校,32.026061,118.817499,学校
小行路尤家凹18号(近河西大街),江苏第二师范学院小行校区,31.978903,118.743481,学校
龙西路310号(近春江新城),三江学院主校区,31.958164,118.752266,学校
宝塔桥街道幕府西路9号,南京商业学校(幕府校区),32.107021,118.774996,学校
长江路272号,南京市中等专业(走读)学校,32.043500,118.794527,学校
卫岗1号南京农业大学,南京农业大学国家梨产业技术体系产业技术研发中心,32.032838,118.842170,学校
卫岗1号南京农业大学理科楼南楼1楼,南京农业大学能耗监控中心,32.031546,118.840872,学校
卫岗1号南京农业大学,南京农业大学国家信息农业工程技术中心,32.032866,118.842204,学校
卫岗1号南京农业大学,南京农业大学农学院学生党员志愿服务实践基地,32.035670,118.843430,学校
卫岗1号南京农业大学,南京农业大学农业文化遗产综合实验教学中心,32.035779,118.843240,学校
卫岗1号,南京农业大学中华农业文明研究院,32.035805,118.843415,学校
清凉门大街33号附近,江苏联合职业技术学院南京商贸分院,32.045280,118.748949,学校
汉中路284号,南京中医药大学国仁堂,32.043708,118.767411,学校
瞻园路126号,南京航天管理干部学院-天宝楼,32.020103,118.786080,学校
灵山北路190号南京市委党校,南京市委党校仙林新校区,32.096226,118.942290,学校
作厂路2号,育仁瑜伽学院,32.035049,119.077097,学校
洪太平南路333号金陵御景园商务大厦8楼,达内会计学院,32.031246,118.791940,学校
太平南路333号金陵御景园商务大厦8层,达内UI设计学院,32.031180,118.791949,学校
江宁开发区通淮街20号,南京市翠屏山小学,31.93944,118.802145,学校
文苑路1号,南京师范大学仙林校区,32.106838,118.91025,学校
雄州镇白果路69号,双语小学,32.345402,118.851422,学校
土桥镇桂圆西路160号,土桥中心小学,31.937027,119.057773,学校
竹山路181号,三江学院竹山路校区,31.941057,118.84756,学校
宁六路219号,南京信息工程大学,32.203407,118.715383,学校
莫愁湖西路5号附近,江苏省妇联干部学院,32.035212,118.756582,学校
御道街大正投资大厦3层,中财国际彩票教育培训学院(南京培训中心),32.030809,118.817110,学校
孝陵卫街道灵谷寺路8-1号,南京体育学院附属小学,32.039863,118.866538,学校
共青团路雨花新村一号路,江苏省实验小学共青团路小学,31.997651,118.771924,学校
天元东路699号,南京市江宁高级中学,31.940427,118.867837,学校
汤山街道汤泉西路8号,汤山中学,32.058393,119.060083,学校
井头路与胜太西路交叉口西150米,正德职业技术学院汽车工程系,31.942769,118.783003,学校
浦珠北路139号,南京市浦口区实验小学万江分校,32.110386,118.703696,学校
镇南河路95号,南京市第一中学江北新区分校,32.060949,118.667664,学校
和燕路462号南京城市职业学院-体育馆,南京城市职业学院-教学南楼,32.128468,118.823081,学校
湖法路与湖高路交叉口西北50米,湖山学苑,32.088859,119.013364,学校
幕府东路199号,西安科技大学管理学院江苏教学中心,32.120326,118.800354,学校
龙园西路58号南京国际网球中心,中国网球学院(南京分院),32.056798,118.743423,学校
振容路18号,南京市江宁区谷里中心小学,31.868637,118.692878,学校
华电路85号中电颐和家园四期(睿域)6栋501室,梅西大学(总校区),32.098363,118.816432,学校
灵谷寺路8号,南京体育学院附属中学,32.039863,118.866538,学校
大桥北路48号弘阳广场建材家居馆4层,南京正人少儿艺术学院(浦口分院),32.136011,118.728295,学校
雄州园林西路花园新村12号,六合区雄州镇广益小学,32.351993,118.836549,学校
顾陇镇北路28号,上谷小学,31.379235,119.091939,学校
砖墙镇永成路10号,砖墙中心小学,31.263254,118.830295,学校
中山南路317号现代大厦505,小Q侦探学院,32.025323,118.783169,学校
龙蟠中路七里街96号,东南中等专业学校,32.020508,118.801757,学校
燕子矶中心小学(胜利村小区),南京市燕子矶中心小学,32.131547,118.817654,学校
神农路1号,南京特殊教育师范学院乐和楼,32.127432,118.830296,学校
神农路1号,南京特殊教育师范学院办公楼,32.128022,118.830015,学校
和燕路408号彩虹广场5层,南京市全安职业培训学校,32.118066,118.819240,学校
卫岗1号南京农业大学,南京农业大学植物生产国家级实验教学中心,32.032826,118.842137,学校
卫岗1号南京农业大学,南京农业大学物联网技术与应用协同创新中心智慧农业分中心,32.032827,118.842100,学校
卫岗1号南京农业大学,南京农业大学农业生物学国家级虚拟仿真实验教学中心,32.033420,118.842387,学校
卫岗1号南京农业大学理科楼南楼1楼,南京农业大学网络与数据中心,32.031546,118.840872,学校
卫岗1号南京农业大学,南京农业大学作物遗传育种,32.032037,118.841434,学校
卫岗1号南京农业大学,南京农业大学农业与生命科学博士生创新中心,32.033420,118.842387,学校
将军路29号,南京航空航天大学将军路校区,31.938254,118.792221,学校
瓜埠镇果园164号,六合区瓜埠镇初级中学,32.256563,118.90026,学校
幕府东路与栖霞大道交叉口东北150米,笃行楼,32.117712,118.813082,学校
弓箭坊40号4楼,欣才it学院,32.022985,118.780108,学校
朝晖路与长空路交叉口东北50米,南京航空航天大学明故宫校区车辆工程,32.034414,118.822842,学校
凌云路与博远路交叉口东南150米,南京航空航天大学明故宫校区体育部,32.032321,118.819912,学校
凌云路与朝晖路交叉口西北150米,南京航空航天大学明故宫校区饮食服务中心办公室,32.033603,118.821710,学校
御道街29号南京航空航天大学明故宫校区,南京航空航天大学体育运动委员会,32.032321,118.819912,学校
天元东路818号,南京医科大学江宁校区,31.937991,118.890855,学校
浦珠南路30号(近天浦路),南京工业大学江浦校区,32.082774,118.639727,学校
文澜路99号,南京信息职业技术学院,32.128852,118.941692,学校
佛城西路8号,河海大学江宁校区,31.914453,118.785843,学校
苏源大道50号,南京城市交通运输学校,31.909011,118.80693,学校
孝陵卫双拜巷135号孝陵卫中学旁,南京市第九中学(孝陵卫分校),32.0327,118.867709,学校
和燕路558-559号,燕子矶初级中学,32.139951,118.819407,学校
孝陵卫街200号南京理工大学101幢,南京理工大学学术交流中心,32.029636,118.857075,学校
桥北大街18号,南京市秣陵中学,31.83345,118.839114,学校
莲花新城平良大街36号,南京市莲花实验学校初中部,31.963603,118.715815,学校
集庆路167附近,南京市凤游寺小学-江苏省实验小学,32.018437,118.771919,学校
文苑路3号,南京财经大学仙林校区行政办公楼,32.105839,118.926454,学校
南京理工大学100幢3层,南京理工大学专利中心,32.029258,118.856179,学校
仙林大道163号,南京大学仙林校区,32.11956,118.958406,学校
幕府东路与栖霞大道交叉口东北200米,明辨楼,32.118231,118.813417,学校
建康路185号附近,南京金陵高等职业技术学校(健康路校区),32.023791,118.791536,学校
象山路22,南京市浦口区实验学校,32.080184,118.622064,学校
五福巷与马路街交叉口西南100米,南京加成金康康复护理职业培训学校,32.028186,118.798126,学校
玄武大道88-1,南京市北京东路小学阳光分校,32.094644,118.866377,学校
